,HOM,REL,D/SD,MED,QUA,STM,TOM,TRI,Unknown
Jazz,0.021,0.062,0.094,0.521,0.010,0.083,0.177,0.031,
Choro,0.097,0.350,0.155,0.330,,,0.068,,
Samba,0.417,0.583,,,,,,,
Tom Jobim,0.126,0.080,0.080,0.425,0.023,0.115,0.138,0.011,
Ivan Lins,0.036,0.096,0.157,0.446,0.024,0.120,0.072,0.048,
Chico Buarque,0.222,0.244,0.133,0.200,0.089,0.111,,,
Edu Lobo,0.081,0.135,0.054,0.351,,0.176,0.203,,
Caetano Veloso,0.120,0.120,0.180,0.240,0.020,0.060,0.260,,
Djavan,0.070,0.186,0.163,0.302,,0.047,0.209,0.023,
Jo√£o Bosco,0.333,0.128,0.231,0.179,0.051,0.051,,0.026,
Milton Nascimento,0.205,0.141,0.192,0.064,0.064,0.077,0.256,,
Gilberto Gil,0.074,0.250,0.176,0.162,0.015,0.132,0.162,0.029,
Rita Lee,0.077,0.128,0.333,0.103,0.026,0.026,0.308,,
Carlos Lyra,0.071,0.048,0.238,0.405,0.024,0.048,0.048,0.071,0.048
Dori Caymmmi,,0.328,0.086,0.224,0.034,0.086,0.224,0.017,
Cartola,0.143,0.071,,0.643,0.071,,0.071,,
Gonzaguinha,0.100,0.400,0.100,0.400,,,,,
